Feature,Importance
PAY_0,0.14317033
SEX,0.091380864
PAY_3,0.055312127
EDUCATION,0.05151319
PAY_AMT1,0.050435547
MARRIAGE,0.050111834
PAY_4,0.04835356
BILL_AMT6,0.04295705
BILL_AMT5,0.039676074
BILL_AMT4,0.038750973
PAY_AMT5,0.035668403
PAY_5,0.035660848
PAY_AMT6,0.034509487
PAY_AMT2,0.033560816
PAY_6,0.03191555
LIMIT_BAL,0.031630237
PAY_AMT4,0.031459287
BILL_AMT3,0.030223941
BILL_AMT2,0.027470814
PAY_2,0.027038215
AGE,0.024253907
PAY_AMT3,0.023753544
BILL_AMT1,0.021193469
